f0,f1,f2,f3,f4,f5,f6,f7,f8,f9,service,attack_class
3.4436147295806614,0.1368734442069861,2.5810474900685048,-1.174555497046501,1.0791133039939274,1.4931875329424096,2.032147349213554,1.0371086277655164,-0.5789010323364328,-1.0615362115531177,http,PortScan
2.418534772478213,1.4223725209553595,-3.3268607585460703,-1.0564762363187374,-0.056529883379680415,2.3359406535054568,3.171453937296339,-2.2518023303274326,-0.3827187921585574,1.8844441197196335,dns,PortScan
2.1855826188403515,2.9082012845277943,-3.371126650490324,-1.4003332704190798,1.5006497897330418,2.9285175508661894,-0.3342716623979005,-1.3817849937431386,0.9083361610810946,2.3004895024431185,ssh,BruteForce
2.1082575557793435,0.942119706020268,0.28029037330587225,-4.188045661233911,-1.5921435277943279,2.388504008975044,2.472154061581324,-3.228424936550587,0.8741769172383231,0.11313735334613195,http,PortScan
0.3801446616715958,1.4305310740425066,-4.231072459058787,-1.0716887246164295,-0.6582902412592208,-1.1260408615144066,4.473589137592437,-2.1487543635362494,-0.39242955445781563,1.5654317161158082,dns,PortScan
-0.07686986707109389,-0.15864988973847605,0.40354557693866683,-2.6887180306642975,-0.970752287563102,-0.8895031779152478,2.2300333086521733,-2.281692145736731,1.4124474015914215,-0.7026692888133061,ssh,PortScan
-0.4733048060725036,2.0939663188454682,-6.629172105642929,2.7232825723016774,1.1277120081948795,3.071179793851907,3.2905648138610375,-1.0888366602666137,0.17859051739280293,3.2795058487597495,http,Normal
0.2147162619549966,-3.3923445428613785,2.6412382985248293,1.4951720198138063,0.6363657277529304,0.5794168585015438,-2.5177114264238956,-1.257461249453868,-0.32732019627485626,-2.1892685707973962,dns,PortScan
-1.0198207327627102,-1.451542250196931,1.0579835896685297,2.5937296583574687,0.1739611496857079,1.5091584754178997,-0.5436331144780173,0.7058763908470429,-1.0390735663917812,-0.9456531867767901,ssh,Normal
0.05259072523827657,0.91386187954033,-1.5431439852844195,-0.6754660900717597,-0.9652326008784576,0.8939092109882356,0.5986449182400855,-1.081415006115135,-0.6112693991948179,0.868149338166855,http,BruteForce
2.019478709493642,0.6313522436280956,-4.588338960095856,1.366279725151824,0.17146184122659722,0.9412749399122954,2.7541916237110824,-1.3399476057532629,-0.300381740519771,2.279899585082572,dns,Normal
1.7860285796667343,0.2179497127025256,-5.235750754070944,3.705656671002903,0.4417759965887311,-0.790028554486828,1.975382559763029,-1.7718253905695605,0.0014618341914829625,-0.6924737384780391,ssh,Normal
1.846507589431313,0.2618771599382653,-2.5790224080579227,0.39247023205294385,-0.328662015162296,0.9909312614911959,1.050809309097623,-2.615818699758437,-1.9760004477208337,-0.3974725976106923,http,BruteForce
-0.3370647745619938,-0.79702033800565,-1.0957130978288065,0.4408839927798208,0.8502053671312348,0.2953831311752946,-0.9902868083662375,-1.4743094851117164,-0.45446094128498044,0.5668773275615671,dns,DDoS
1.912800732291508,-1.3703942722112241,2.3306956305073037,-1.6373325673792434,-0.866195598693432,0.3850156250508705,-0.9123387661040512,-1.9440878250361324,-3.239437724940069,-1.9587224872269329,ssh,PortScan
-1.1969706274153933,-1.0089397086692529,-1.1141325027485784,1.8693562007088391,-0.11632303927625796,-1.207454226762946,-0.5272292117563844,-0.18006805905013623,-0.2923196493382869,-0.03147932641689877,http,DDoS
1.4224102493923505,-0.45923728878535486,3.6342046755204573,-3.2935440630988015,0.18680439247765354,1.4344749779837958,1.1900044343773528,-1.0259471098230706,-1.0550905083248843,-1.4181534306552772,dns,PortScan
0.12891740819758057,-1.1906485148810366,-2.714359007053625,2.1548056302021408,0.1643183319010117,1.430500189647932,0.59682628895421,-1.6831204713966945,-0.10641888000298848,1.3786161657193117,ssh,Normal
-1.827662112659262,-1.2854155060702728,-0.9261521435762541,1.2590882746543552,0.07623822768157425,-1.5933668906351195,-0.6411533618895573,-1.012725288742439,-0.17979944515153234,-0.3519153717444159,http,DDoS
-1.0010835108423946,2.0146488959933437,-4.172575612152817,-0.2796874978787669,0.9124833895474148,-0.8015148424182896,-2.918619962939461,-2.8694147354866097,-0.141293063206095,-0.01794029712839973,dns,DDoS
0.21535889473564218,0.2729828415328197,-1.086463891823032,-0.3710915286697808,-0.06551450905873228,-1.1131203344947638,1.6519256401393356,0.5032384757299935,0.32786114075077594,1.5568425266629267,ssh,BruteForce
0.1527540630228965,-1.0095124317909956,2.099834333126362,-1.3882801688758197,0.305062138965167,1.8568699331635847,2.171412129159027,-1.2253027308766056,-0.8009675968959797,-0.8249043735472155,http,PortScan
-1.5994316389813052,0.989447267718051,-3.957976937820161,-0.8611991354583746,-0.3967449789943736,-1.2464974157443645,-1.936968626569149,-4.441447813109912,-0.2657756964542771,-0.5330362104963242,dns,Normal
-0.2674385618539702,1.1725255414674465,-1.7884712939604621,1.0896584272711547,-1.535790268575018,-1.0913145740345518,-0.8931317449532621,-0.10372772818809983,1.090749351990426,-1.0277892264457669,ssh,DDoS
1.9016479601061556,0.06824056407868317,2.6038630659605175,-2.115360689031772,-0.1110188736071547,-0.011864700103508596,3.891584181955722,0.8590894936351612,0.12125468310393163,-0.8687792014376801,http,BruteForce
-0.39932908039332826,1.5871750589187734,-3.8719257547596393,1.8382310912600763,-1.2329363539908302,0.26261810374747463,-0.31334044502245006,-1.1859751760737072,-1.0031798309228,-0.23295972057624692,dns,DDoS
-0.9743531746008001,0.8625092055394635,-1.1908746380346955,-1.1855161821650642,0.15704424720867144,-1.7809507647840905,2.6232995956217455,1.2283923759644595,1.0193859769602103,2.6007813523459244,ssh,BruteForce
0.8028949773710041,-0.22305281073331984,-1.502426481516837,-0.3779754938525963,-0.5792001577213237,-0.677100389815662,1.0641396668536016,-1.678554054628925,-0.22497329928831508,0.18013207138257914,http,PortScan
-1.9118012975181071,3.0125920278471567,-4.224264797361884,1.2552001968496804,0.19071496671679483,-4.073624601347271,-3.017364823264465,-0.33344174686449823,0.26619224818727044,-1.6752396508067795,dns,DDoS
3.7060286772117137,1.5493216295673644,0.15281214413641447,-1.2857525358275537,0.43414222026221605,3.306056303674812,0.22169390906021147,-1.1468313221694617,0.42713372868766064,-1.0079611070548022,ssh,BruteForce
0.882629737543074,-2.5557914752749182,-0.07686910657568496,0.11402225875262317,0.44461937240141236,0.5711393333989737,0.028134586571322062,-2.4779669749667415,1.0409093503061129,0.46898241582305633,http,Normal
2.022334470419903,1.013740951528896,0.2698590590965018,-3.2415356916006512,-0.9048919260478666,0.21487237879623167,2.7642280418160228,-1.5476381047746877,-0.9681082883291177,-0.19921452260981132,dns,PortScan
1.4216139117485618,-2.84595977397918,5.274689232257774,0.09087206936217651,1.1604935373940093,2.1974244989975427,-1.441353363542472,0.11281377271836668,-1.2688059075755223,-2.6426287763985536,ssh,PortScan
-0.6522304652445736,1.8585035834699712,-2.456677115953587,0.4630848408761963,-1.7613667774733044,-2.1729482108537628,-2.1193006960204537,-0.4923311439039082,0.2999074383672631,-1.0830703287498884,http,DDoS
-2.2342451750608907,2.1638674335756414,-6.306318574039978,2.1921449403660604,-0.07537961242276606,1.5180437568281686,-0.7940618160635118,-3.2544247137711784,0.7012923267522329,0.3731818331050052,dns,DDoS
0.06227078021903443,-4.160404607614095,5.394220212605706,-4.159756347666008,-1.1456585711653549,3.49995272795332,-1.3629423842569537,-1.3027254538378912,-0.5044964842716331,3.7432344747175708,ssh,Normal
-0.38818808772167546,1.6128456003173033,-4.159336706161739,-1.635486627118174,1.0278820940207516,0.38772087222718865,1.7046024169090495,-2.167627688034932,-0.6525091404207238,3.263892165702679,http,BruteForce
-1.7812782421637179,2.5084830388179435,-2.928622578390512,1.1880564161967624,1.3826419356641928,-2.4442847334298827,-2.1566193211600284,-0.12224170040170812,1.660042489483483,-1.757126303322551,dns,DDoS
-2.1321268510598848,-0.9109276945378069,-2.715035545725635,3.516925010751859,-0.19567855887695199,-2.448423186182271,-0.3376666218663812,0.3684786240865663,1.4787236094678915,0.21475026497407912,ssh,DDoS
-1.9526111630361438,-2.4649303983723154,4.4420081898627615,-1.4284760224667723,-0.1202705902025354,-0.36856749946744416,1.50534779108184,-0.7572139156658628,0.016129295245020953,-2.458655736314472,http,PortScan
-1.6998050174523727,2.047500769895409,-4.624496773196396,2.2525662438417946,0.0028105156861231587,-0.8452475953693342,-1.137872801657838,-1.0737221160023083,1.5787835766122518,-0.4821739257628713,dns,DDoS
0.21785941382718943,0.24090409569832638,0.8404911397013344,-0.4723280951631059,-0.4570642060443477,-0.9864387055439436,-0.6845668673698622,-0.036093729011012377,0.05467940848176152,-1.5383308072451745,ssh,DDoS
1.635786023815291,-0.9363473101607346,2.458727617985513,-0.5963880147959026,-1.538755524275253,2.0741708120819475,0.8007907932705455,0.0006241820884782534,0.5071344895452684,-0.7601767180727528,http,PortScan
-0.9124448447452521,0.4545941323281669,1.6692823800238226,0.9030574826058818,-1.0764972684096419,-2.202434762304156,-0.031371285787770264,1.2959940349013492,0.22128612173053255,-3.7446577670421517,dns,DDoS
-0.2849718174325797,2.5383851415481553,-6.072101302320728,1.404303816017507,0.7270800204509539,-0.7355963344569856,-0.6085825296485161,-2.564599355892174,0.443273298006406,-0.1014878510356858,ssh,DDoS
1.0084072010681875,-1.5596649573266825,-0.5877105947128997,1.734769687484711,1.5642695189460305,0.3644017558259619,-0.40965559604282653,-0.9453767786729256,0.411026654818728,-0.34239443413396387,http,PortScan
1.3055468148587115,-2.887811318970595,1.892772947007389,-0.530097070330432,0.01654939890911334,1.0218799138902954,-0.7558426576611186,-1.0655274671166854,-0.3520556077119365,1.0443884201823321,dns,Normal
0.5153688517762938,-1.1044964621285278,-0.4958542984161651,0.2201385191316283,0.05777436401351284,0.9612681408447458,0.5264074333529621,-1.842363332466907,-0.7156700137176393,-0.06191304281625165,ssh,PortScan
1.5074457845691174,1.3359825617660421,-6.14096462236918,1.6929396634910616,1.0976249648611645,3.406936609699955,4.576302606389542,-0.9321114502589654,0.038300587522424406,4.957399303128138,http,Normal
2.81740605300567,0.44166951248022945,-0.25416267719387664,-1.5237818058880963,-2.4341763858425924,2.330209921317814,0.045640192504664,-1.4958882866778414,-1.5102302454168977,0.6534696573902236,dns,BruteForce
-0.14356851112015834,-0.2930937337966121,1.887480997535118,-0.8009619043116081,-0.39581562010266425,1.492544214863838,1.196166109541296,0.5387511948660539,1.3672728062820825,0.05656254897766877,ssh,Normal
1.9921273507963493,-3.018941804928121,-2.3003786480706254,-0.7108473105662707,0.1354024824836114,1.2853074918238396,1.2135947304119872,-4.245942554134652,-1.6684387539026282,3.2941206565247785,http,Normal
0.7720668267062335,-0.7998226434398056,-2.732833466522106,1.0181707348594333,-1.8523270990157605,1.5835112378253522,2.501363304645553,-2.1186657611067052,0.835434088215865,1.500752484654949,dns,Normal
1.6628886736418305,0.14295112197327797,1.5684411197857338,-2.4961622967010184,2.22601888576669,0.42753800430170374,2.4206727499923613,-0.953360312586766,0.010924485573555355,-0.8835649755293218,ssh,PortScan
0.7841374085119766,1.8899976466824504,-3.9445192333162815,0.4757597041240472,1.6994944526713458,0.4847512048168454,-0.31263464561584664,-2.089618906044641,1.0780033727074767,-0.014382949249419519,http,DDoS
0.29182681490598983,0.7815576018298452,1.089588984839005,-0.6240611902857607,-0.5149592593206903,-0.8958934149323698,2.854219100387742,2.1568888823798784,0.8710757288455954,0.053551439850337945,dns,BruteForce
0.12731549581772617,-3.4681884468716837,6.694131880680114,-0.6396623239611914,1.1945634311841287,2.607499327834444,-1.2721436865002094,-0.3399378899288783,0.9207255128938933,-3.153472107454066,ssh,PortScan
1.6732658370720586,2.132396311717221,-6.130948560639044,0.5733768991275513,-0.25333033115494624,1.924189190951525,-0.1727603017163254,-3.3513057281302685,0.14664128429746237,1.7760600719329185,http,DDoS
2.1707553807359012,-0.06945749206985163,1.4491538583986585,0.05798371250052803,-1.0990628205716486,3.7656976647691165,3.388664739127499,0.8172278833267472,-0.8120849319435647,0.2864522321777323,dns,PortScan
0.34393293364708133,-1.9091807521317903,2.3351089256468978,-0.21922037787812898,1.5293668083481444,0.6870799108943255,-0.15243328455263572,-0.9342844132434552,-0.09528534714500449,-1.4160480889085147,ssh,PortScan
2.5149643355295357,-1.614900312388094,-3.9213210772350764,1.169514904874274,-1.0130295096101498,1.2804208226529852,2.9472942388508425,-3.2067878244026864,1.4920178693610555,2.3207473750698013,http,Normal
-0.8121469523950557,2.47820408936969,-6.91897514136375,2.595300517227917,-1.166237893859306,-1.0082585520807357,-0.26745487650336264,-2.199761413687794,-2.115841565233227,0.05358994028154962,dns,DDoS
1.0481394543888887,-3.5361504357903297,3.1276084637651955,1.577916762212992,0.5332255615556416,1.1341813643029506,-0.5841527722905226,0.3523971462946387,0.8496350017598676,-0.7037503671906888,ssh,Normal
1.2486688571770892,-3.2450080241955246,3.6955504444717286,0.968845408952874,0.3737684280934946,2.0457469244144324,-3.171770219984965,-0.9727275213399934,1.1019566973974242,-2.1428187409459385,http,PortScan
2.44458829088426,1.3823083223664718,-1.2371939507084402,-1.6764011957246638,-1.1521693795200187,1.3231868445071795,1.1865349009253632,-0.46808265596567333,0.17803073467937236,1.725054174883287,dns,BruteForce
2.033869403838927,0.41549134932653353,0.5905165727045207,0.02221466174990616,-1.1322827554772812,1.643490162887682,1.1225400689653169,-0.2854147874432744,-0.06241153913561554,-1.4330350193310788,ssh,BruteForce
3.80835539908547,2.3060846364110055,-1.9813989467038366,-2.288894739769683,0.6836724214169171,2.710400524863024,3.4952852460445194,-1.0481229998982313,-0.05544736211379275,1.8218433348946066,http,PortScan
0.4867286986300746,0.2010976580527546,2.0853080399938992,-2.446261302839221,-0.6495182109038314,-0.597856307626361,3.4761868304644885,1.275274942913029,0.41056161522694357,0.6654966817539777,dns,BruteForce
0.07329656954556096,-2.7921819627094187,5.6883483400039125,-1.580238352832585,0.21746333232402948,0.4503994536907715,-0.9298991561121464,-0.7847414817031079,-0.8439007869121018,-3.206448069252764,ssh,PortScan
0.48839752825864013,-1.3589936811131067,2.325960070781063,-1.9336739674755177,0.31376592330838754,0.7574367936467172,0.20731026350185522,-2.03804669751724,1.2106905737559028,-1.4424183329283204,http,PortScan
0.5169454670950198,0.9941548392152582,0.16497733882999865,1.2425152328815836,-0.4405964684661945,-1.9330651619839574,0.6536105164875019,1.221468669273869,1.0406186060097589,-2.9353263714536664,dns,DDoS
0.13909500550778553,-3.3334758225964403,4.1385324562894095,1.897649610614517,0.7013250045677598,0.3122818281899129,-1.3755316862897318,1.0866122170734323,-1.127097451846959,-2.1866131381621265,ssh,Normal
-1.7336017346804704,0.4361479264908741,-1.3193233693075146,0.7115929376115071,0.7646983346646741,-1.2013514611017617,-0.7443098797919034,-1.2348252127463384,-1.2412339073608727,-1.5916908181284593,http,DDoS
3.224976213325754,-1.670994311258625,-1.7839797358885765,1.9962203431246062,0.3051067332407291,-1.4231548751829965,2.0528814201868384,-1.3645754006457524,-0.9096010761932888,-0.9431924622137473,dns,Normal
-2.132655671775762,2.668385592750221,-6.166677154254839,4.1010684332207745,-0.7145145324057387,-1.0704762119768931,-0.23937577871890925,-0.5643872234618725,0.8969744386204745,-0.9987298927727888,ssh,DDoS
0.6591702363386529,-0.7498473640003459,-0.9985621373087291,-0.13328720356531698,-1.2938194018044213,0.5521554630253265,1.1011685666391657,-2.1356153768660278,-1.2341211350090704,-0.06763067986011384,http,PortScan
-0.5846667644417243,0.06769646360144443,-1.1087722921505014,-0.4478427525820168,-0.8385931529638637,-1.0570266459525608,2.387337392265107,-0.17155657349926912,-0.5035566258173726,1.1122921595886652,dns,BruteForce
2.283072234012937,2.4746272007322894,-1.6850456527826234,-2.0358263689471494,-1.5461621196108988,2.522158402044762,0.15995784694158888,-0.19796987042005432,1.1529445518228643,2.517245937319627,ssh,BruteForce
0.7463334783748276,-0.43881456395440643,-4.474619653384011,2.9688982664708834,0.09912653615463717,-0.821248404405577,-0.40004543121809855,-2.3276555746120247,-0.6435306977043912,-0.21952452807404121,http,Normal
0.7151656609610457,-1.9764431016342725,4.926475936287993,-3.5972232668544186,-0.6510640019148723,2.820319657148824,-1.000635044541875,-2.9930599799965893,-0.6339454098934185,-2.2888738910017525,dns,PortScan
1.3218144987810843,-0.24431156345059002,-3.672740230250346,1.0340059839783478,-0.48884984274276966,1.4412972454187782,1.8258660450910953,-1.7952503164621127,-0.27843288263885,2.483318722116632,ssh,Normal
1.2596323754358252,0.3900171336154423,-3.302436693309482,0.9176340096871645,-1.8065879724688891,-0.42617513504101945,1.3108777218044616,-1.413449646415367,0.1955091501574566,0.7055650383638137,http,BruteForce
0.9623619726055951,0.7206706345530949,-0.07526944846923242,-2.3596972814777972,0.14334388259588937,-2.2200522143445505,3.3606888338379406,-0.7688161044791441,-1.128622997012695,-0.6719856199335904,dns,PortScan
0.6654762839653292,0.08014667963496236,0.6062580000207336,-3.099269913767391,0.6826360835687055,0.8354916513559554,2.2314004530313403,-2.6078372178943345,-0.3146636173467809,-0.38452931144040436,ssh,PortScan
2.5743880325071853,0.3744517355643504,-0.2501064344637572,-0.39175817123564016,-1.1648109393386035,1.568101819736614,2.3248404497090993,-0.22092989596536627,0.6090986064427143,0.263174961594145,http,PortScan
1.1554275256236828,-2.4830814690281127,2.3139286029321973,2.5432281899171567,-0.12127547583566888,1.164933928255208,-0.7323999092418332,1.01928648534766,1.7678290584051788,-1.3455780964152901,dns,PortScan
2.6056784459082647,-0.0746025272779075,-1.0569075580255292,-1.7618385522163362,0.5275371586800149,1.4689849139369384,-0.21464593675490873,-3.3936037047473575,-0.2614656373192028,-0.07229516117516543,ssh,PortScan
2.8312821444049443,2.1403776566252373,-5.336068545411824,-0.19049988525760042,0.5017189930276992,0.6429678452697936,4.018220371662013,-1.6759031705299399,1.8429030483046505,2.4024865604171026,http,PortScan
1.8953399290148312,0.29496470796392993,-1.4402625334412948,0.9683209413172371,2.293977283293148,2.766397510272557,2.7176903767788603,0.05275199016194909,-0.12725801990227434,1.462296554472831,dns,PortScan
1.47722884478077,2.0023911198060524,1.1649232240013438,-3.77705181628993,-0.9862244862825192,1.9213441801360507,1.69167035119533,0.7973487883703856,1.4185566863918506,2.1154107480061377,ssh,BruteForce
-1.1777857597015098,0.3404862603998051,-2.9312049481087055,-1.5678645509581566,1.0666831087145028,-0.7702554142009925,1.9516123079659784,-1.6955246481138997,-0.5214856453557676,3.213102096259521,http,BruteForce
-0.39637832210480495,-3.2332619214734293,6.276723703285235,0.2585677515587561,-1.0445742198567156,-0.2605557576421611,-0.17492965905664848,1.368417162791407,-1.7368164085440256,-3.420953773721137,dns,PortScan
0.860678578488889,-1.2841413121800298,-0.8510897523062027,1.7862912008650986,-0.3242937168172423,0.40654275487879377,0.9266834578006612,-3.163402587493853,0.9339451661017365,-3.5770390494472712,ssh,PortScan
0.8383410999786174,0.7552917057744271,2.240119508465218,-2.5549988293038197,-0.6403976790586057,-0.20992900567579054,4.316324864386637,1.3955771027421253,-0.8172954608806424,-0.007788901869646647,http,BruteForce
-1.7200930121217404,0.18827435835790596,-0.9544389965419628,1.1940573672102035,1.0185733031860407,-0.5258371337211075,-1.6373817372268287,-0.5058739469751421,0.29114430823604015,-0.9363009942676341,dns,DDoS
-0.9361417945542254,-0.4767559591953978,-4.817336007683592,0.9233370268492598,0.15710869450331952,1.240532110239809,0.1636105730829327,-5.627601284955892,1.2322139563397692,-0.09087657037409258,ssh,BruteForce
2.614574525249952,-2.7185386714864235,2.0589752445430936,-1.5830323607225507,-0.3798469289119089,2.2855187565640125,0.5418524586362865,-0.19429883874137177,0.17757130864003692,3.4945725328044706,http,Normal
-0.07045204374947844,0.4232906019980802,-4.517669506790148,1.0793275078957358,0.7708472774085788,-1.3530178408490112,1.3571792167926535,-0.9428959267009966,-1.7597592201776262,2.5917729455549052,dns,BruteForce
-0.5083237419818427,1.9046879075798664,-5.837864668913567,4.600997986485771,-0.21641117499258872,0.8417901452565711,1.6907084651780053,-0.06108882561037887,1.8525647287750495,0.2082851008861495,ssh,Normal
2.7547162366630524,0.7824731899368418,-1.378767943131101,-0.7017656306888047,-0.32943913709212347,2.025337192697156,0.12934874811062924,-1.3866960458146849,-0.5141525165207437,0.7473001242061292,http,BruteForce
-0.9971944985919275,1.891285150685302,-4.130196976808963,1.4986038789892255,1.152031402809516,-1.9514674272246493,-1.084594343630537,-1.2802989701100942,1.8221689493957067,-1.0131581240593444,dns,DDoS
1.6194271580839312,-1.1248923076427266,-1.584728669280162,1.789176733161999,-0.9998999262637005,1.7659410564485856,0.4791657735675463,-1.52552316079141,-0.23718773841206595,0.2635665879797351,ssh,PortScan
-1.8006883632583848,1.8471677071536257,-3.7305841338339616,1.9126934391268375,0.29298820833497935,0.10076786364145396,-0.7171857968410971,-1.4733326571272878,0.37761450632893956,-1.1538521428181467,http,DDoS
0.2821932382086543,0.9558212990096621,0.9691292053488552,1.032182193610633,-0.1444684152997933,-1.3729069355795556,-2.102993861381477,2.5841537064612243,-0.947046657840529,-1.2333923501530997,dns,DDoS
2.3417706719556364,-2.277804032190527,1.6503719922423725,-0.7772421214583332,-0.580823952846502,1.0754242419511602,1.485529426184634,-0.6189155492543609,0.1304541120886768,1.0477728358840122,ssh,Normal
-2.0288636225089474,-1.2711599624737553,1.9036544017157664,-2.7331596099348934,0.43388548000164306,0.4328384153426712,3.0584041736937055,-2.84833631807751,0.6718865749515559,-1.183359611590896,http,PortScan
1.4464864654268457,3.2070533035166404,-6.811541474097189,1.202923686013527,-0.4596768684892936,0.37769435868815027,-0.6274823541939845,-2.363647132287819,-1.5257359032036821,0.9869319129697416,dns,DDoS
4.8482791678596975,-2.358363050880288,-4.3846623835754155,0.15983324052031944,1.5343635334410206,1.2477768835924883,3.5271225341696035,-3.483479067599594,-0.17763670538537346,4.645374463643286,ssh,Normal
3.5202540817858115,-2.5454179161669725,0.6176542192933652,-1.5708236006211438,-1.079839153788519,2.1993867949372117,2.1010422683516543,-1.0458392632928712,-1.1260919088272163,3.867588813823133,http,Normal
-1.395048215233096,0.07234880366200802,-2.056654298673013,0.8397652497362703,-0.36371104908754726,-0.3214547906580548,-0.586766000281101,-1.9953304619490182,0.4773506397364737,-0.7267354719026552,dns,DDoS
-0.21200290823375156,-0.0736950015278941,-1.015949653379695,-0.65959122794227,0.14084296655741527,1.6650450962930714,-0.9703090977997709,-2.5977070508903353,0.18969693121766237,0.08953391541419742,ssh,DDoS
3.6754252754559125,-0.8831892535868919,1.9987657027968269,0.860144757757973,-1.3481535740182657,4.315246815995701,-0.149505712256915,0.5691022438824125,0.922563516848142,-0.2016140630017076,http,PortScan
2.872431832434425,2.088403977347067,-4.8086672474503205,0.1838506495649137,1.2408795720469028,-1.2033189612887543,3.405712829005155,-0.4002056914330545,-0.7027477766993865,1.9532636146547842,dns,PortScan
-2.375263503844731,-0.550899457057145,-1.555302424284272,2.2837980106600777,-1.7219729641327195,-2.7336014826501094,-1.0248062542600163,-0.014525125054838273,0.36231845873555896,-0.9768165051634561,ssh,DDoS
-0.2245882101618717,-4.566387498553156,4.842245796818222,-0.8518854750064213,-0.6362895456780812,0.4167988207236716,-2.143502101126336,-1.6849329201301368,-0.9279339599377207,-1.367443859213397,http,Normal
-0.6385608201128798,-2.301783992932557,4.25459439651081,-2.738135805946465,0.46782672523595803,-1.467855901717761,-1.0486056412729905,-2.154431918611505,2.081269628766723,-3.0213363686180257,dns,PortScan
0.9733896983302429,-1.2266532330616176,-0.3195433124641819,0.9461219836335171,-0.030579019503467225,-0.6534162024303927,0.14335868213304426,-1.159325903541002,1.173032533825707,-1.1147977899227515,ssh,Normal
-1.1413683426318804,0.5846347069059876,-2.33920028010037,2.8101712956000493,-0.705605780472169,-0.4570634866297445,-0.7864477160886091,0.5381167189660259,-0.9420865347549293,-0.2973018451416991,http,DDoS
1.1651763323938016,1.812517249486976,-1.1578931880123742,0.8277919890132323,0.023329508647177134,-2.223928279577185,-1.0140128131662582,1.387067204037892,-0.46759934049499596,-1.3512790177785952,dns,DDoS
0.38962736169871814,2.5757096179610612,-5.156147514264776,2.3443367372874393,0.3938875948105785,0.42103740932749634,1.826913333803578,-0.28708498212479294,-0.08143878094277954,0.5269391640383705,ssh,Normal
-0.30143002261736374,-0.7652861258422787,1.1427161459932642,1.2971588416994508,0.11995068015874248,-2.953621143781187,-0.9038211915442442,1.7681015834197957,-0.40116420561117727,-1.4522768764674876,http,DDoS
2.587568497264173,0.3320362146525164,-4.72956568216633,1.3869725875909618,0.9253980907967243,2.0105838103341336,4.030140429680976,-1.1328835685824348,0.03178156816159083,3.5305415457702467,dns,Normal
-0.8754818851092673,0.8598888055941132,-3.0247475588200157,1.508760402727825,-1.6026761448585942,-2.7219699642278754,-2.4462655576875267,-0.10104933840960961,-1.2155979959542482,0.1278419271859923,ssh,DDoS
0.5741923943038835,-1.6082797744589445,5.373346874101474,-3.521999380952112,-0.13805184997237743,-0.31653162845735294,0.1017066917197893,-1.2336940134650611,-0.28563956749858843,-3.1003775446007626,http,PortScan
-0.487643499603827,-1.9574796085204662,3.965587360766393,-1.9515734804966494,0.27084257735299466,-1.286860602774882,0.4132111565682971,-1.0316003458940557,0.3019182630492763,-2.717647490429943,dns,PortScan
3.052459542414558,-0.12700336264286194,3.8568607406690107,0.26370600672510114,0.672607728782654,0.1646282356458646,2.1456724435279044,2.763447602654037,1.202238780415674,-2.8971207294543637,ssh,BruteForce
0.5352147062063726,1.2498725261839045,-1.070005247764528,-0.8170509242540267,-0.26464268630072496,2.892613500929457,-0.5156222252269085,-2.2704425013448004,-1.3630783448976937,-0.5596095783123822,http,BruteForce
0.5937144927404845,-1.4535988151432302,6.801448378589906,-4.784977878893903,-0.16287312099157975,-0.8076986133311295,0.05333230025010427,-0.8714709336424176,-1.0519149250556892,-3.586796337820411,dns,PortScan
0.8983457673516612,-3.7767813583621144,3.2838893831374376,-0.5974561734489019,0.7299114928828743,-0.002305217447731156,-1.1459827494834407,-1.5659433880457163,0.3153418589006538,-0.8474681370443538,ssh,Normal
3.810963739883005,0.579375610630817,0.0027192020595813438,-0.09098930823554274,-0.1421854989882232,2.0225231988098518,0.2355293739244616,-0.08737096960586821,1.407258975064945,-0.2689896136501124,http,BruteForce
-0.4372097464722291,-1.9186581546641013,3.649529560214593,-1.4385832973478276,-1.6692893468739836,1.9565118565828312,1.0515167418490028,-1.2458369336259432,0.15987663401417757,-1.5361358176290327,dns,PortScan
0.49581107544662384,1.8311978147071688,-0.062248406623736985,-1.8727983042850234,1.1898910538749907,2.3646361993731295,-1.0814952833351477,0.32448201795331744,-1.6004035617578698,1.807652989039254,ssh,BruteForce
4.006912732746268,1.8202929829927874,1.1628940199676854,-1.4774354650490227,0.8428312447284311,5.009132309248278,-2.221473717523786,-0.7910346201974364,1.2064801554150546,-0.9405346189353219,http,BruteForce
-2.8421854995833926,0.4862451758237921,-2.923302597905949,-0.6056647993118887,-0.8802201908223272,-0.6587093248596814,-2.060685867287413,-4.087024450525959,-1.2603142913435934,-0.7134813507078691,dns,DDoS
1.4335656162767665,-1.9208081631056595,0.7467256394081971,-1.947316144101642,1.729114768069534,1.8357371332996748,0.5145753029202421,-1.5710909064464322,0.07427924408284861,2.8617611162303964,ssh,Normal
-2.3378642953210047,-0.5587829047238353,-2.987083041996703,0.8100612222895216,-0.0640610385338891,-0.7979119661159823,-1.3811426495883063,-2.9939164873184296,0.5298931548837734,0.2509893914587187,http,DDoS
-0.7632453876937375,-3.0773684177289207,4.03300235568295,-1.0809646148778265,2.2657126904956923,1.7262126774770268,-1.2805206566829752,-2.416604679217692,0.11636345136596042,-2.2852812496534005,dns,PortScan
0.024780995835991693,-0.07280923013119223,-0.7365425440173611,1.4877779771627453,-1.1843049510191201,1.4808666096513865,0.977908631465827,-0.4766526942930043,0.19732635061487788,-0.7167351161714266,ssh,DDoS
-0.9900291743956844,2.1381861795952632,-3.921293740446277,1.6768290446435699,0.887031022132906,-0.40907875535969673,-1.8192004347351376,-0.6724758853571329,1.514782046194154,-0.12603595104544163,http,DDoS
2.2429963322098967,0.21117609477937394,-0.5104356051382727,-1.6133395723713706,1.6856654248920175,2.326558157288022,1.603482971657432,-2.2831211581895623,0.3417003836309373,0.2864185228361329,dns,PortScan
3.0219835379020057,-1.4644149277995742,-1.1501763902049467,1.434158321156957,1.130983473135212,-0.607921210542056,1.1522327875076286,-0.708845045795294,0.7502781441995143,0.05324860197539705,ssh,Normal
0.5192435912746292,-0.18195112448659456,-1.5062618860341321,0.9814872197948974,-1.007600694660031,0.43927836766535444,2.774492863325012,-0.20669220094038254,-0.972920885991247,0.7538261528498189,http,PortScan
-0.7337656364447362,-2.433053594758884,4.73573400361403,-1.3887705511047268,-0.7368017053213786,1.2784045815775302,0.9237376635108379,-0.9075996565545155,-0.36673154803901914,-2.373220929266399,dns,PortScan
-0.4384025409932897,-0.41201235429632643,0.5551468885278519,-2.6718176870015737,-0.22315963418089083,-2.1380339480862665,1.9595429356801917,-2.27798300923916,0.5436079274801299,-1.2008614384723268,ssh,PortScan
1.408487876111607,0.7816543140333317,3.00265173496598,-2.0448712826208406,1.0107021645861105,0.4097553827338488,2.5920349870349724,1.9134639694670956,0.7490439445260392,-0.6752507382686923,http,BruteForce
4.120552088172024,0.7684329074665717,2.5959182994196937,-2.0126009517356653,-0.11639066286077632,2.439210537130439,2.189741094953266,-0.16346347429065966,-1.392389527783687,-2.0997211666955993,dns,BruteForce
-0.8227338190376075,-2.131463404541505,1.999592027111839,-0.7123763081209831,-2.0152059883554143,3.842422124453698,1.1380937108606777,-0.22132758440037437,-1.2514138724842268,2.8171406824311367,ssh,Normal
-1.4761229213962626,-0.31944273887301455,-1.3104912583358694,0.7709759057541931,-0.5410838296778194,-0.7409202649550124,-0.23551193795372805,-1.6630809375538025,0.28122155147645916,-1.0234830310621512,http,DDoS
1.4253356100693813,-1.3090700125478991,3.1529411175007125,-0.28106392761380916,0.7167987979895001,1.9410324742580394,1.329490697003417,0.375636576009889,-2.1067620913994958,-1.3052451776921425,dns,PortScan
0.6759438234532741,2.416132435213897,-4.150134009779165,-1.54006205013388,0.18956385643463108,0.5981223274224413,1.821240558136436,-1.152845917541543,-0.9927651757518205,3.299211119196385,ssh,BruteForce
2.45121775410851,2.5235968418564396,-2.3933947592580873,-0.972721565792356,-0.6889584114584957,2.032253665115968,0.17672400713861924,0.03661059725959892,0.9150947395829501,2.1205759547161773,http,BruteForce
1.8641045149308146,-2.8624406490235406,4.307664259661822,1.1324446136477992,0.14178542046026985,1.3521279670002369,-2.4423054004560023,0.4905511329323464,-0.503919471374263,-2.4262254388649516,dns,PortScan
-3.886404826675297,1.055429090498591,-2.6830676123475916,0.24471943876725255,-1.1565359848377292,3.926511137871957,-0.04574723663186164,-1.4604812839514425,0.6058855479572698,3.006064836912207,ssh,Normal
-1.0730786908611833,2.405067992493256,-3.6745852122717344,2.0590909104191777,-0.6088839378103388,-1.5882677781822263,-2.5272354989824724,0.44364354631469927,-0.916817841740515,-0.43054969148073596,http,DDoS
-1.1664534457428575,2.0571647233247368,-4.317184577673904,-0.22798808379622992,1.5133445021394696,1.2321490291618173,-1.393771371937489,-1.4611383022309872,1.4815157928415832,2.956329710633173,dns,BruteForce
1.5453917435781666,-0.788213442906043,-0.3777750086202163,1.2513199017306447,0.09530135387393694,-1.1685781479129833,0.44659177182457144,-0.7785334429991064,0.17053186038799903,-1.9612873773996622,ssh,Normal
-1.1727118457754309,-0.0032037643453393105,-1.6200923577387805,2.6289681047230475,-0.14395839378801126,-0.4361739130876334,-1.694886337280963,1.1470498495688184,0.20299211293607752,0.6732425950137593,http,DDoS
2.255187377568072,-2.5862732730351015,-0.604785200467197,1.4767354682495255,-0.3540615468670893,-0.2932879363541723,-0.14370245209236399,-1.4961132646458783,-0.8638645658730425,0.17694985226790072,dns,Normal
1.6619370333485843,3.430432066022328,-3.59857352732098,-2.113967855031424,0.12310608458760919,3.050905134125886,-0.49827784566173805,-1.3439441498295421,0.9243342829917818,3.063179954657175,ssh,BruteForce
0.6531801792202625,1.854622838321676,-0.8703687752305964,-1.964072831399676,-0.7652223660046927,-0.37918721719875603,2.1460388170380345,1.436803364540185,0.006284524891873213,2.631043589169878,http,BruteForce
-1.3178339296889048,2.205745348780227,-5.580107335872811,1.8222555981071802,-0.6978737686158872,-0.41703588198710895,-0.2021598193648465,-2.6466154431268647,0.7572669335354051,-0.7703547840919158,dns,DDoS
1.7940613347540522,2.3285673451615834,-3.759526121692245,-2.1438303688123224,0.6362373753789256,-0.7524474127090512,4.549794212255221,-1.586776193336473,-0.5106952697541627,1.7513783548275272,ssh,PortScan
-1.6427873248475084,1.8891618496389013,-2.957530514160581,2.703636800225489,0.3194012335955807,-1.0757546384446808,-1.8253209769733316,0.8118822144765898,0.12931759815012658,-0.8616093175837155,http,DDoS
2.3833656713354827,0.8013028315215547,3.041235003907007,-1.3172228744887007,1.6900099336037604,1.9845549381129524,-0.4321896725305385,1.8824717236651307,1.0894219244900503,-0.611569454223035,dns,BruteForce
0.1523081771680418,-3.5345202429756624,5.465867572187352,-0.1236759214223424,-0.104713258625338,3.3916321445145505,-1.7599383981363776,-1.1847343640449552,-2.703480129761572,-2.526353341845035,ssh,PortScan
-0.37870658859121753,0.18856565945267156,-1.5731592568870476,0.6245642257740907,0.09605864195142041,-1.2318856226261587,2.4754054745731504,-0.30907415640564484,0.34979772725362235,-0.11759014193008466,http,BruteForce
-1.5645434926661794,1.3143162470118965,-2.5891049167161526,-0.618167399598679,0.13291864175027399,-1.9320593300756772,-1.4443405546018353,-2.655631957400737,0.835479221822892,-1.4312503729827997,dns,DDoS
-1.1680526232514978,0.9035055379055473,-2.5173091292633956,-0.902685417126239,0.27139098099769776,0.030997814790100442,0.5042149558153128,-0.9819287930429696,1.0571929989849158,2.5038345114903553,ssh,BruteForce
0.2096939072044599,0.563249502394206,-3.0783129193499783,0.48905699871012254,-1.0301940198979407,0.08624663545424704,-0.38968306212561143,-2.2778524215872085,-0.03814068802431726,0.17765736017923417,http,DDoS
-0.5819729571364265,1.1458767520253095,-0.24936916906738804,-1.6666974182015748,1.434132723233584,0.34203458716472157,2.6147558111362645,-0.29857277739790244,0.24958456178916924,0.4599993694534218,dns,BruteForce
0.1579838596811476,2.1642162929357465,-3.4888074536775333,-1.2179087466328005,-0.7507020270362984,1.1798801750041883,0.12552451694644418,-1.077251103737277,-0.04476030761217351,2.963809543996045,ssh,BruteForce
-0.3271170247053057,-0.3273927626177071,-1.4897652989131849,0.4114992465597277,-0.4321237093240537,2.2848084974651455,-0.7905856386180843,-0.461196845187139,1.5646197411607499,3.004238742320375,http,Normal
-1.9638647860036782,1.1213630047526701,-3.0664795692188687,3.5851376974352953,0.30231130514764265,-2.2674295972460774,-0.4589538542731646,0.9419728154149931,0.7528272138084728,-1.4016286254297468,dns,DDoS
2.36791027377446,-0.5019599587041033,2.99166605507654,-2.1818210882767763,0.0864254187861911,1.4918295737414555,0.7264502953800758,-0.6389707058172898,-0.21417453713550041,-1.3743473561179143,ssh,PortScan
-0.08524821883724287,1.8243068097048776,-1.9797878712663781,1.0477040029458948,0.09906907592340972,-2.974134756728594,-1.6721682314534467,0.6531975567876238,-1.517306215678493,-1.570227935312328,http,DDoS
-1.4941436040843254,-2.201105148432826,-1.1939321757437713,-3.022607952418486,0.14754091186532844,-0.7101823413180187,-2.3918086561416834,-6.095529025111476,0.07698841972489333,0.855176040984577,dns,DDoS
1.7840095410562882,0.3031954295331397,-1.4917485567051163,-0.7653074974837418,-0.08056579831237083,1.4990087934649163,0.405225241637601,-2.2043238296785095,-1.9516071935401529,0.38271637435379724,ssh,BruteForce
-1.6695528826185109,1.6736705514168506,-4.868224577973817,2.7861858312459304,-1.567707793825771,-2.491515771863719,-2.8714584567354198,0.16023227218923863,-0.4144897258725695,0.7057885489585258,http,DDoS
-1.89885829371877,0.9076867767874461,-1.9030407282122592,2.9022935667823706,-0.705037480139661,-1.62211873069724,-0.05286531404806005,0.8814126278679137,-0.43725940537769936,-1.733554505609879,dns,DDoS
-1.495243946870986,-0.1521843573595295,-2.8705009555522656,1.8192111536735394,0.5432966640822907,1.723160215788683,0.999132994260447,-1.611753759572569,-1.2179236267651126,1.0004492677220564,ssh,Normal
1.960173875383454,-1.7367809597447175,-2.5218632624608324,4.345813650632312,0.039590529777948996,2.6424058009927025,-1.0789919183296828,-0.6614821989649118,-1.105256421150566,0.9957956008633739,http,PortScan
-0.8572038653665675,2.489326808925888,1.7500955679681958,-4.378799770166905,-0.26984054067181684,1.4056311101757974,2.3537385341832344,1.538806850867347,-0.2893644251178287,2.286187959326167,dns,BruteForce
-0.5200671180790086,-0.6148526052289783,3.1822952550752923,-0.675209238416367,-0.24675066209887558,1.2293772168568575,-1.6810676119137358,1.3148206324949796,-0.46856892279819984,-0.25700948998505346,ssh,Normal
0.5208541074398856,1.3328657864072102,-1.7023090931359561,-2.349727255079487,-1.6648924201289474,0.796562187769207,2.7172889907732785,-1.7930004971289464,1.4201769626933733,1.3596475437961788,http,BruteForce
1.4865860297429458,-0.40086680237028494,-4.942152787229889,3.6752693241981964,0.2478329768740235,0.3323828162873751,2.696685862782106,-1.9257107891810463,0.19337317382545646,0.16244236268580492,dns,Normal
2.499579643369009,0.8237076465414851,-0.6622817702584041,0.5093771646511578,1.7273039250619577,1.8506099720945177,-0.3947155116164547,-0.47705158082862786,0.22085887245945995,-0.770518630133102,ssh,BruteForce
0.05208107469174528,-3.125428724124141,4.635074971625553,0.79880765300706,0.3763217770311829,0.1619973444116678,-0.809105686490704,0.42269783112549786,0.31121589795148946,-2.8305843899410643,http,PortScan
-0.8339737178949321,1.9518606608347768,-1.6402392498769982,1.3473383806658832,1.3925452537259573,-0.9250087457862283,-0.739600031916426,0.30058055973528464,-2.0491238864536,-2.019723841081772,dns,DDoS
1.1946414040572613,1.0287396146624468,-1.3883630946236725,-0.926408308450184,1.0555446021319752,0.6832797875360327,0.9185893306673697,-0.3795858477944316,2.75072303053733,1.4364989915797635,ssh,BruteForce
-1.128486750280103,-1.7009251496969706,3.039741132060698,-1.9074199653251322,1.4852192410127263,-1.2635737289789302,1.4014523027603083,-1.3077226075444424,-0.24169845141648982,-2.1478655295081674,http,PortScan
2.191400776561264,-0.817820318455418,-1.7648555403523212,0.03350708539413838,1.6183813288478353,0.5000841174631339,2.854144799992139,-3.3323435884952413,-0.2610461918801526,-1.1473732693663878,dns,BruteForce
2.7879408770267267,-0.5363466032241252,-2.110059254902283,0.7183297382764803,-1.319321913779763,0.37536561936921076,2.8537499258379215,-1.0582390418638659,-0.6079484472851845,1.0064718483667046,ssh,Normal
3.0021493632074154,-1.2248054141492168,-0.031089498558568796,1.224192264924173,0.19929730999206402,0.5610404311848727,2.9019417602891666,0.340367145889112,0.28672983908379135,0.1396871789524463,http,Normal
-1.447383197353685,2.0599334446805706,-4.3829176828082765,2.0982058566302157,1.5502496727721666,-0.12123502120227247,-0.7600368321068871,-1.305655073634716,0.06970231473182249,-0.6571429201192966,dns,DDoS
-0.7256293757282894,0.44639489168296254,-4.950977813689261,2.53134245982603,-0.7693100244919348,-0.9917754254053155,0.18268263065416335,-1.567350702117209,-0.26132905945146784,0.8808184320689363,ssh,BruteForce
1.0254827266256161,0.24348429134247174,-3.149558176607845,2.752160505853605,0.6882667340508467,-0.7363611814170721,0.47750459798100686,-0.7582422348683537,-1.021440622658592,-0.9011814678003647,http,Normal
1.013362733868638,-0.4687845833333991,2.398545628633462,-1.9721986438674297,0.2803919711133143,-0.4077498421908774,1.7554142625175841,-0.3093496254881337,0.3620401458590519,-1.3716660933913523,dns,PortScan
3.4080283372532083,-2.7318402559110755,-0.6004381300837918,-1.3412635803018027,2.1058348253484884,0.140043315940105,1.1611794227090713,-3.024112811760428,-0.39312118919990635,1.9648559917490283,ssh,Normal
-1.281910498987601,0.4364851727174125,-1.7800431780510726,-1.6849931692172206,0.20314920159120747,-0.9019729500917988,1.6853154931058691,-0.5610433668799382,0.4967755737669098,3.005549550223542,http,BruteForce
3.4164061323333583,1.3125696351314637,-3.2069112418694363,0.7159009188435597,-0.42035872145298825,0.9834927273238925,2.4139480630248453,-0.12416050019078995,1.257694222243733,1.5962324616001138,dns,PortScan
1.7663865465466646,-0.33059443628228136,-2.369525217762356,1.9226379427437412,-0.6697318324883936,0.3158424269085506,2.163803607144767,-0.9527935823901214,-0.4010686669230878,-0.15717157843818552,ssh,Normal
-0.4657146243979673,0.2638389908629616,-2.0355519280044807,0.3046633758463898,-1.1496291989508138,-1.340637934842284,-2.107634705262412,-1.1840248103777256,-0.9839328831100579,0.2904585598851559,http,DDoS
1.494857181875255,-0.5094401723324828,0.3011602523831669,0.46663573682714654,1.3905225716010585,0.9028061240821056,1.8175224358282756,0.086785041648757,-0.27017672074397436,-0.1786827648615783,dns,PortScan
-1.1801978978180605,0.970954734240697,-1.274014785584229,1.6040220714486648,-1.0433348430503362,-1.800423467871521,-1.6112441235021648,0.7194370004365604,-1.0629666560249948,-1.2553881966910452,ssh,DDoS
-0.197982278441571,-0.04737736394633174,-1.8955907146935895,-0.8664138368477116,0.2801102610465844,0.30283540432516676,0.9732707421999577,-1.8731519704011257,-1.5032219344128614,1.6186900332164906,http,BruteForce
1.9465940534308048,-0.21532487809694123,-1.6204792563317005,-0.8239837474711611,1.5397407626758786,2.132640318698424,0.3278332334689801,-3.0731909245738436,1.1059049859172725,0.5652683452809135,dns,PortScan
1.5280531325096136,-1.6136407820233303,3.3260014683815093,-0.729540504946137,-0.9634775377351934,2.6413238603732934,-0.32626845220483935,-0.5839677630296515,-0.6239293007827422,-1.2310577786950532,ssh,PortScan
3.5938073640904427,0.7346512712879495,2.1067441814858467,-0.09093260792213109,0.1817646831997632,3.182773895086822,-0.4637913348615137,-0.47813804020209916,-1.709309645207811,-3.4476792953347957,http,BruteForce
-1.3629486758674652,0.7522598509395322,-0.7430525743466747,-1.4770810936854981,-0.5333047334278708,-0.13435006965948326,-1.8404670601416901,-2.844422921001682,0.22569813781152306,-1.4968138219534082,dns,DDoS
1.879879748050075,0.24602522160846563,4.567676817702176,-3.107379974807134,-2.2645149793961163,0.5973299514855904,3.413208176776729,2.129850186136119,-0.9351668298432851,-0.6395561977067146,ssh,BruteForce
1.368149249887855,0.6383028030659055,0.8909974940743404,-0.14649277133562189,-1.6734847996761149,-0.9154837659606279,0.9891120855303978,0.6323893037674586,-0.656684790110111,-2.0648473650624624,http,Normal
1.4981867643509188,-1.4532664367417256,4.959471185469348,-2.0382893632932984,0.2458968269129046,0.19923347238348876,-0.2041696605109018,0.2148921658376164,-2.9530751006512697,-2.497933694897219,dns,PortScan
3.454846449284432,1.2283119416283903,-3.2063674913666014,2.1209648099050193,-0.5402530033357673,2.571469882472626,-1.4711602571625106,-1.378487586381186,-1.345831784542422,-0.4507012873404843,ssh,BruteForce
-1.009380742926813,2.8020295396686548,-4.416780260355258,-0.34159669448894725,0.32876030034284537,-0.9291838290005144,-1.1620194021792198,-3.508234357187299,0.027802915739940044,-1.8865137270141776,http,DDoS
3.2342040708708333,-1.3552241068661675,-0.483289307077158,0.5810981472170906,0.19420286215624585,1.2342582892754916,1.2164956636408442,0.23027704967849272,-0.8361778814872968,2.304618931588064,dns,Normal
-1.562848253346158,0.6397765816464522,-2.239684923060718,0.886030962782837,0.5381329645684658,-1.4582192142706807,-1.0008020768725379,-1.3814565259232698,0.8305079576600876,-1.0528967121056778,ssh,DDoS
1.323310160484192,-1.4260689251818413,-1.0214551488561587,1.018463813393714,-0.25405619817885206,0.41899225495257053,1.0239768709131114,-1.2734535598047536,-0.31796956643486207,0.4237677263416276,http,Normal
1.0622686792457494,2.535847221800006,0.49622087572744356,-2.398021459793484,0.36051521494449745,-0.38058792154134347,2.658518643812487,3.377036382698158,-1.4729863877417555,2.667770561215704,dns,BruteForce
-0.3004439818089404,0.2059263258301558,-1.7631732999753447,0.8905061552578712,0.5896095466920274,4.28103008827831,2.0248524935419168,0.32187704115279847,0.26691207648939413,3.8140743540999824,ssh,Normal
-0.6208961884338202,2.239225468964681,-4.171757456569901,-0.5054468827167551,-0.47857989986419436,0.2577736132679469,-1.883870197271715,-3.1716210795434385,-0.430586560182279,-0.05283020382984882,http,DDoS
0.3430311062244287,1.5200127903554204,-2.9006204351203926,-1.0642720939251302,0.39259766446598354,-2.6973546596887106,-2.3387347977825264,-2.110020926277909,1.5905033445648389,-0.4913194580692112,dns,DDoS
3.0926774642886476,-5.438385460468944,4.6791751620469695,-1.6010503617559366,-0.8014589707297283,-1.0872495332270313,-1.537444407561361,-1.9291296302953809,0.3308109252597568,-0.5908049013573384,ssh,Normal
3.634738078588713,-2.281363498043986,-2.135256722188341,2.6525096379568502,0.2248488160456383,-0.7317018185104858,2.04319219236582,-1.3229686149090747,0.48546452464674195,-0.013415713235821025,http,Normal
0.4499944125383263,1.676790332110813,0.7551873175521573,-2.8629034617613205,-0.34388219481266263,0.3133363515210762,1.875508751030257,1.9493709098281236,0.5750330351090183,2.77312493421631,dns,BruteForce
-0.8564062983953131,1.032991755237953,-3.258731130087967,2.539824919342521,1.5120160000057221,0.933620428425792,1.4803679934980547,-0.5194166417269546,-0.11589206136113268,-0.19592298537101382,ssh,Normal
1.5056356237071222,0.3431693971479777,-0.043801010139408514,-0.020255196101965467,-0.0833936211288835,1.3203977411437577,3.3350097561583243,0.6723424354817116,-3.1878114760401433,0.590125348489029,http,PortScan
-1.5367146192191772,-0.9175915067481838,1.9530724518507514,-0.29539052077328076,0.2145674033735145,2.235717668641659,-1.5460526024143224,0.26302457712683514,0.9690233736187882,0.7997537086521054,dns,Normal
1.9514836054443268,2.9835182168817114,0.8470257496658147,-3.281900281059548,1.4328724312670817,1.120614718491871,2.1886031060588493,3.225117770095368,-1.442726721373246,3.247203871045679,ssh,BruteForce
-1.392818166950129,-1.584864849448675,-0.12805931536246967,1.5107698513980345,-0.17578192176653643,0.41700425834151966,0.2717420541512383,-0.9285497920601329,0.4082716409020305,-0.4075553944071756,http,DDoS
1.1291864581546065,-2.5417078033951785,4.152314097316356,0.10384144439741405,-1.6847006939858256,2.766683062396548,-0.9426599779561913,-0.46997997177295425,-2.0646974899587525,-1.8937945144563129,dns,PortScan
-0.13992780016729678,2.149018473648658,-6.328724667522335,2.1476514618805433,-2.2561323074929445,-2.683763175712664,-0.02988178345642356,-1.8696326577994342,-0.6631934483753588,-0.39219488216986476,ssh,DDoS
2.01714684427007,1.4643726672469475,-3.5275072248222346,-0.6998189831558987,-0.13633834701448652,4.322136898817217,-1.8966062353906588,-5.0852571358057235,1.0603959052338827,-0.3442268899816523,http,BruteForce
-1.8629560285535947,1.0961880685451373,0.9339072097560381,0.15844141470081818,-0.16073744131186385,1.1099107161613793,-1.6319042579313443,1.2831247890929731,1.0358473048676184,-0.3518530099607555,dns,Normal
0.2794775037290067,-2.376126059950253,7.251782640996809,-1.8999715561829764,0.6617894546907348,2.193650413272839,0.9411945586782796,0.7072845744305021,0.6378481065159813,-3.0242886204254162,ssh,PortScan
1.2958186319225307,-1.8454322983754614,3.664976109752158,-0.7444258332113973,-1.25217444746434,0.542837738345662,-0.33295182914685406,-0.3293143346404259,0.7658094913262175,-2.194429659574337,http,PortScan
-0.745192126705009,0.5457355586878876,-5.849432036305505,2.880955755532505,0.14209224562034495,2.981310706284601,1.8992390383753994,-1.5467517466594303,0.5747012616653486,3.673860088595823,dns,Normal
4.8147716966683465,-4.96834109444656,2.1635015533879187,-1.0268477743282651,0.6492287903050983,0.08153208304855308,-0.19311312778955636,-1.992877899539342,0.7573934689773892,1.9344739410733816,ssh,Normal
3.665878728796442,0.0862929614028094,-7.345728105024485,5.1504811536318815,-0.040755849846621145,0.021480512832479426,4.145616653954567,-1.521938972737014,0.18923197990592774,1.012099584089221,http,Normal
-0.16400736805134253,-1.4460735859488585,-1.4724500282455604,0.22727078385182675,-0.7204148568038374,-0.6963546698184171,-0.6148403443400545,-2.094422227932413,-0.7622825079973151,0.88169737991097,dns,DDoS
-1.720342941666329,3.3112609011507637,-2.449400369941422,0.8426765131130034,-1.22398206674317,1.9016462427309548,-0.09546233981271635,-1.3528348189020156,0.675696949394388,-2.705336690315458,ssh,DDoS
0.8929708515687355,1.5741880940945996,-0.7949667003675618,-2.0204719032285277,-0.1210966884657939,2.349169255573047,0.8160015193665084,-1.9080977542655715,-2.0067786877664813,0.11710403675987224,http,BruteForce
0.13917888420823898,-2.97317450253979,6.07049133430376,-1.7732493115763674,-0.3709580195715553,-1.588997898521106,-1.8337532294656311,-0.589592256983645,-0.21642802827588922,-4.037569531276615,dns,PortScan
0.07122289092162748,2.691563976850892,-6.349737777309968,2.7143235244002595,-0.4161518558614482,-0.3921997517487392,-0.9042244479976889,-0.9081619627511868,0.4108492044326828,0.7939938808672482,ssh,DDoS
3.2212991976325838,-1.3158028694013668,-2.8165153026475656,-1.7702223264352526,0.629914862046294,1.293880945501158,4.096141213661687,-3.7304278360161742,-2.039431498319932,3.173250320162456,http,Normal
4.120186680690195,-0.8549542261885233,-4.02038906709342,1.3617105523545792,-1.4344653418496869,-0.6208488185930505,3.0849952268554786,-2.2746213016834096,-1.0573328171747303,1.0703797712261907,dns,Normal
-1.5808855791696388,-0.14038511414440258,0.3562666114305959,2.8176337518295487,-0.6476321135885404,1.4559213873486172,-1.1120107054070925,1.2571486771180544,-1.1235291209139948,-1.192674236180336,ssh,Normal
-0.47903150161440244,-3.1450245607741643,2.0900949311983332,1.4565438395483707,0.13310690246396292,0.35087276857600924,-1.7434453673818275,-1.207585929969372,-0.13224305412338289,-1.7256373912479246,http,PortScan
-4.0859074342765185,2.712420054291851,-5.999611690551982,-2.6968210903658765,-0.9779802105425248,-3.444952411227546,3.5300858558007597,0.8458236441010369,-0.0017316982256069587,8.118716873697053,dns,BruteForce
-0.28441075230357926,0.9350398835375162,-1.7786907201022493,-0.5951383390463931,0.38543257174126216,-0.34899481914482733,5.837936855689716,-0.11211836056899516,1.2816592167838994,1.0390825059857147,ssh,PortScan
-1.6026226049023622,2.428255931037625,-2.963180758752653,0.8175484623915311,-1.424583639731092,0.5874731897060244,-2.46884786522703,-1.279771800440815,0.44278552532185245,-0.9456467492752637,http,DDoS
0.20175072273573336,1.1551637229568577,-1.339274940975297,-1.9725506799406674,0.04059847615629864,-0.052808366478540814,3.0275138187255606,-1.1550378925422504,0.7564989278401563,0.9542312982309833,dns,BruteForce
-1.0422299701960624,-2.360578109492941,4.376373962531337,-0.8986549864557172,1.372116846572371,2.1815717016527114,-0.8654144424260535,0.44621199700039216,0.607245453683406,0.061344516696872464,ssh,Normal
1.4271328668997265,-0.20407323340613348,-0.4707192358396839,-0.4940696328216848,0.8807143880064838,0.9525885655322828,0.9706024336158675,-1.2163334998535573,1.6935507907153553,0.21343017350415394,http,BruteForce
1.2534057251065487,0.11428151937646036,1.825610371521414,-2.944639611599124,0.39869518362223777,-1.681352704929672,4.592133954396977,1.8192829673390327,-0.4892392329990946,1.7227274529672951,dns,BruteForce
1.2014758277688014,2.049475641732073,-4.250002506996804,-1.4589487142676243,-0.6352274665292011,1.7312785609108134,0.5868767849870615,-2.695871476582175,0.704222289484417,2.5000827429926096,ssh,BruteForce
-0.4468470380623115,-0.7912401639322594,-0.5874036404789457,3.2436484831888195,1.3817838974519392,1.098083823140106,-0.37291357652439117,0.6066433020868487,1.873020623575457,-0.7374364848117994,http,Normal
-1.7404835778611254,2.7523243391301735,-0.9225987544877756,-1.3734894576631458,-1.3136151460790664,-0.06323220955087827,-2.761769060811144,-1.8741390949946908,0.8538085623090685,-2.708585475716542,dns,DDoS
2.33208733380536,-0.8447647573863593,-4.939439060083199,2.8047850153066336,-0.9963416821738039,1.077509661442897,2.9464432778962832,-2.17709093019266,0.9831176329765476,1.887557429295605,ssh,Normal
1.5472286155287462,0.4020462019115941,-1.0379044966252837,0.15549977206046206,-0.40911661365525137,0.12556390857379685,2.0743785953358342,-0.7554364666113176,-0.018504603229662724,-0.6741832338502856,http,BruteForce
5.432825307096777,-0.2725194063125308,-8.104934336321794,2.398823118343719,-1.3542800544354816,-0.7917588913012743,5.236132417712276,-3.7496211841037965,-1.0031120160399785,2.4652321615959645,dns,Normal
1.0729485013536273,-1.225913575718331,2.3137888975229197,-2.5419688780760636,-0.30440974633781176,2.3044213768550783,0.07752056179278177,-0.03775490624059563,0.24215749074123388,2.7372463247133805,ssh,Normal
-0.8646478996012115,1.9476906845096926,-3.489924826788463,-2.2504383952327904,0.7808154278141377,0.6704484156358558,0.984363093588966,-1.4258742946715373,-0.6246009067683401,3.9223068230473563,http,BruteForce
-0.017218695297841702,0.7635693229859576,-6.343437174735673,1.0775979186314897,-0.2518783078967272,1.0579741820756121,1.0977745626746724,-5.064265568148006,0.6491201400599369,0.6402012554540535,dns,DDoS
-0.6058261862738348,0.76559983027166,-1.839461804867735,2.2740970456362244,-0.7138909874332666,0.7946593563295569,0.026162450715881858,0.38044250585777095,1.6901776333459575,-0.298850200290135,ssh,Normal
-0.7164703951405158,-2.622445234861594,4.920302762762509,-2.051612938724471,1.2129727292261878,0.7915720297944282,-0.3258027906343841,-1.7129086735167522,-1.2517576863617423,-2.699231133473053,http,PortScan
1.5845155104573312,2.2665297862614215,0.9608915969233522,-3.492543028642637,0.4620133099292848,0.06413295829328958,2.618094651321665,2.9157540953650933,-0.17022689159174376,3.366441155687216,dns,BruteForce
-0.5994399603859919,0.17246399492644948,0.12209755616393192,1.735680364000861,1.238237940646432,-1.7541476373991465,-2.603995779175371,0.1892671422330079,-0.876992594510552,-3.0452470325577385,ssh,Normal
-0.18792788090984391,-1.0814359795349682,0.6310672696841821,-1.1947604474063698,0.5525673906570109,1.2108690403412559,1.2770461075676645,-2.314786792611515,-1.1080590381170283,-0.426116831437659,http,PortScan
-0.08375067490369692,-0.946505005176723,-4.514157790891642,-0.0998152352748567,-0.7315425696196574,-0.5617087633718174,-0.6880607283909075,-4.447596859193295,-0.248358026412124,2.0864160486942955,dns,DDoS
-1.2243605067467922,3.248673205487422,-6.246266401976493,2.4091801475170525,1.8366746308594049,0.2176357313400612,0.2627348143229349,-2.108334203946308,-1.4312823876380543,-1.033136319265578,ssh,DDoS
-0.7765364326003382,1.611215655222138,-4.417391925397858,1.9496710823373027,0.6445062752738091,-1.3235709885721738,-1.3771163493967034,-0.9193225750310254,0.3058720550960282,0.08189208890257005,http,DDoS
-2.294427813701349,1.7750500375304537,-3.570146513276658,2.5019025877595595,1.5318999165445448,1.7707543749610943,0.3469952951376314,-0.22782955767522817,-0.1922990340290819,0.48527194182206723,dns,Normal
-0.7657338372937559,0.6660880318043023,-1.110416341961638,-1.8909896763967398,0.0430830080243855,-0.5023889381456694,-2.6332533633113844,-2.93699491639138,-0.2565509805528739,-0.5692518859146896,ssh,DDoS
0.37799690851761725,0.8031783356481608,-2.9699630750787573,2.1398219450118185,0.8342284065995492,1.6234809965808754,1.4606224963662164,0.08768756301127278,1.6436904952522386,1.2785603591827701,http,Normal
0.021333500648463066,-1.4821956085444845,0.8162006708482912,0.5244522196161465,0.4386622063510846,0.30785741812841205,-1.702331585906638,-0.5392410675881398,0.1344728420629131,-0.13246483859455416,dns,Normal
-2.343074328277253,0.13293639004751645,-4.802388699730381,1.8773543575481038,1.494251246256332,-2.2824535434313726,-1.2083544797443222,-2.484330579455032,0.4363351884155083,0.42139818246981675,ssh,DDoS
-1.7908552420434292,1.0321718675068983,-3.3689648364025633,1.0280173902820922,-2.194248243545532,-0.5344447916014543,-1.3151417998795818,-2.1139695466411226,0.09285762397170147,-0.4954045768508287,http,DDoS
2.947417926629622,0.6414107311190045,0.3074769162418376,0.5538095325284322,-0.23343279864389554,1.5435807483054829,0.4790426310179976,0.33322024863529665,-0.04079448978496107,-1.292003279395411,dns,BruteForce
1.7563067797942897,-1.1473700201100383,1.5615359673734543,0.33883796430231583,0.7229862631192213,0.9133795413053593,0.4953533993771806,0.942974905680722,-0.4537416128383286,0.3165125434570044,ssh,Normal
1.0883247637097155,-0.8265958876086567,1.9801482841529,-0.33594167248056606,-1.1619324916562448,2.5710570576716583,2.0722687481881157,-0.01665718315969622,-0.30890753160576834,-0.37938338544506456,http,PortScan
0.4276013874562339,2.64269754567437,-1.112360488421336,-0.26012162555244855,0.20796093068038618,0.03457354676069713,-1.0336996405416476,-0.12163641976262884,1.6422760575404385,-1.8451992796938712,dns,DDoS
-0.8824917095803909,2.4071150391567038,-5.788007330001334,-0.1560783167673525,0.8490109132765532,-1.5261658221133705,-1.6511361248536085,-4.013584965251734,-0.10523696808126758,-0.45475559409372845,ssh,DDoS
-1.1060628458811093,-2.8166430755658287,6.852336831659492,-2.5892470019587317,-1.065534689896944,-1.167383106429965,0.3392696340527166,-0.4009026350524195,1.1931708649751445,-3.989342059375339,http,PortScan
1.5477368510278358,-1.8412988690450482,1.8202250009544567,-2.2502186679092437,-0.1116023308429013,2.3190906818538117,0.6202229488190536,-0.7777951803094549,-0.7710174183652497,2.8438211680444567,dns,Normal
-3.391537365966129,-3.1596069291779685,9.426935834315668,-5.2611095603333915,-2.3377548334351532,-0.07913481683682289,2.515430172614101,-1.5546276814929754,-1.3667317334829063,-4.77597003943727,ssh,PortScan
2.9759231498173975,1.2094418286722015,-0.8735277221652968,0.7331841830174575,-0.8062181668090445,2.24609616215029,-0.96634610621835,-0.25369670075690365,-0.06337316763198636,-0.7666198568050673,http,BruteForce
-2.6452735655218054,-0.4793812781258664,-2.013192382180957,2.7572497104528244,-0.27182030327965323,0.026018181488907777,-0.5974949688059156,-0.27036249334249396,-0.5998288765428978,0.17060882370749408,dns,DDoS
2.8608895447502167,0.9845816151073381,-1.562810105962937,-1.2469219389462527,0.9428461717327297,2.7742482019828536,2.55820035953979,-1.6601867472716816,1.1103489799142932,1.164665938097206,ssh,PortScan
3.421271190977474,-0.644528200310662,-3.65540012984787,1.245023351124894,0.13141934404135083,0.960999683880802,3.455073581715844,-1.6121152440055229,-0.4074771714148629,2.2120831034361608,http,Normal
-0.10309636306535408,3.1458472946687315,-6.944508446831253,2.9511340601483975,1.3899640686042025,0.15688369161193494,-0.7855824059439336,-1.2350882290335472,-0.30375978151977473,0.5972639228112082,dns,DDoS
1.5561643942461587,0.990055004117675,-1.2101360008194968,0.4220088402803972,-1.432939120685514,1.009993975379845,0.7957262366879453,-0.25386750501728883,0.011928237400157101,-0.2601959928072324,ssh,BruteForce
-1.3849843603099763,-0.9398071860070806,-0.0651704834258755,-0.008202662027604113,-0.4487165686650988,3.117298664937983,0.2542393171918593,-0.6951478768016195,1.090434341399109,2.439199865765251,http,Normal
-0.23975335556803412,0.9836822370299502,-1.3361083881447975,0.7588020668380188,-0.8769304507836545,-1.1894449173228938,0.972101722209656,-1.079689209444415,-1.1147839047165153,-2.649097847182509,dns,DDoS
3.2730614663497435,1.15524442015714,-6.212317744857314,3.7273479023943072,0.847118318979641,-1.5998271449623256,2.062295182571664,-1.0745594170237722,-0.1963275560253724,-0.3171595036616057,ssh,Normal
0.7273667141878337,2.0224543815182763,-4.827599639397452,2.269256013472616,2.529564505462822,1.1291471749279527,3.043178054033825,-0.19172244460181198,0.6244194122565521,1.2422889531813899,http,Normal
-0.4333652462726203,1.0700765091704483,-2.629677766408915,-1.0952577473564924,1.6254318591587802,1.0903496695743815,0.33622124193834535,-1.9503698987459648,1.407526457538372,1.8858926498957198,dns,Normal
0.21684117940489933,-0.37129427318265407,-3.318729385294094,1.1937304030795182,-0.09037403111844128,0.6986197856713572,-0.5527019256356687,-2.84764944073868,0.9773185160643294,0.5409965166619835,ssh,BruteForce
0.41633273051341124,-0.2806774954145469,-1.5114244774382688,0.4868282534198223,-0.07823859234326465,1.0424353425239732,2.6539104752988436,-1.0960092910169772,-0.08912312953323356,0.7227688367039569,http,PortScan
1.2371095630020894,-1.6658320990518112,1.8577223366182316,1.1919096999851586,1.5416728117963672,-0.91474887273965,2.1636352689241227,0.0173554479359197,-1.5794149894930603,-2.9769480426306467,dns,BruteForce
0.29825185981367797,1.658308814544398,1.494048732050439,-1.1340227902237594,-0.22048615416741157,0.9654088405400424,0.7316723480425629,2.1050437160698854,-0.26461470337212917,0.12250853852314625,ssh,BruteForce
-1.0019557100286072,1.5688992374455224,-1.6626886589402232,0.4124130389087147,1.271071649674262,-2.9103056769926026,-1.5942292031605398,-0.49452677326282224,-0.707116004632279,-2.2466300448896943,http,DDoS
2.093984497394139,0.1254716638435237,0.8217078431941924,-0.8215835497180496,-1.057057167715776,1.4202994154282127,0.571445987276356,-0.6423789655077171,-0.960796460837577,-0.7833964478396735,dns,BruteForce
3.0796392248705597,-1.9327202666178265,-1.0121847772087849,-1.5809942083224215,-0.6929841973314991,3.1066872504632457,2.521350077571177,-1.6985865855518245,0.8007480213232993,5.1005692406838214,ssh,Normal
2.417995790743805,-0.29552452695635834,-5.148302281268655,3.6204021812270817,-2.043826294922117,1.1919387612370342,3.1288819860505805,-1.0540511783466053,0.9322900850662792,1.8817662481023287,http,Normal
2.239149134237132,1.2809860156688035,0.06938292030942372,0.5102902832147502,-0.2610940984625762,-0.7306660106536482,1.7763901150284447,3.1084911792462497,-1.996276264871416,0.6328293510865077,dns,BruteForce
-1.3342872694137018,1.9194532510694644,-4.103118972837672,0.6516559503182753,-0.5555421615754356,-1.4337459485362671,-3.881494019569753,-1.2058333517845172,-0.8716780788368853,0.8631465074658138,ssh,DDoS
2.8210622081193666,2.83981953864583,-3.030157456517856,-3.3657360513750727,-0.69999179357183,-0.3197245207500201,4.1238927985148335,-1.6244750002718003,-1.0674443455465519,1.6424386320257671,http,PortScan
1.5787752326967919,1.0925972073939196,-2.421218060845753,-0.4461494148910857,-0.07424666598436051,2.086201749251083,-0.7157194034224379,-2.0869509463254605,-0.1642041046965167,0.9036216988437034,dns,BruteForce
-0.6682233233596393,-0.08015827583341584,-0.44371314298780573,-0.24062574160402284,-0.44373551486049023,1.422101945245254,-1.4481274699116158,-1.6397141793842152,1.194922134864996,-0.030822405047280288,ssh,BruteForce
-0.2645459620208387,0.18040744209320758,0.7286397830900592,-0.946144990140277,0.41506509493598404,-2.1720256940245077,-1.1889631483057213,-0.9006750738027509,-0.6440460157127913,-2.359371700424699,http,DDoS
2.525533017367083,1.107523680593855,-1.9335871067598531,-1.3931609675401755,0.3700028462103656,1.5748897749079291,2.2450770245823,-1.6614035864794645,-0.6944882860276632,1.1587010369679223,dns,PortScan
-2.0612243160009234,2.5212837977869103,-3.8365009410928543,1.7394512039685432,-0.3949621964965703,-2.3805969604769937,-1.2189144091089872,-0.9063474096450508,0.5753388641155845,-2.2556515442789964,ssh,DDoS
-0.7099386425142238,0.9130712189554671,-1.587830980070089,0.6980126600210587,0.40945052192562353,-2.6028426755329437,-1.2935403563364227,-0.13043464382027847,0.16869132533943265,-1.2061019088816134,http,DDoS
0.7675556611440258,-1.1527033523823351,-0.3723492711023291,1.4057885941851036,-1.0692216652897593,1.2929527358748083,1.8073168087799156,-0.5518974691406902,0.36431952062795014,-0.02767457275384877,dns,Normal
0.690785880689321,2.131351703210849,-4.843469699964092,1.8032788323396127,1.942668124161504,-1.1530884170157087,-1.9420835977187354,-0.3002197590304605,-0.48405701932779827,0.9860863986466033,ssh,DDoS
0.17081615389051674,0.673809631135132,-0.005774618345622873,-0.6195441536109974,1.8426513728833425,1.4474011602642127,1.8911624077105678,0.04852176590902868,0.5869522911833748,0.46222684648918333,http,Normal
0.3240385075798844,2.542627078616716,-3.5331319211914214,0.4231815767414495,1.8964124057727823,-1.3175281941482166,-0.6288291671463282,-1.3468075830934674,0.21978432342446114,-1.407670168870868,dns,DDoS
0.7925384512835657,-0.6429694130321413,-3.044485216057751,0.6435444900002742,0.36318229829127024,-0.07617832160928395,0.31784779136641317,-2.9073277695613067,0.5195463297743959,0.5326185042401068,ssh,PortScan
4.362470292612592,-1.8537963628692562,-6.7911141046020145,1.602094615263285,-0.09602740531935337,0.08126257783099522,3.3367819067337554,-4.5922775986732445,-1.2722947346239852,3.5713886457012105,http,Normal
0.9143421837857288,1.8542723585253413,-0.5842428174837304,-1.4842266485516677,-0.5150082763556918,-0.1544504121438932,1.4303619135894323,2.3522331647428594,-0.3223585508452425,2.99290091807846,dns,BruteForce
0.46548868890623685,-1.5620820832378812,0.46406975754456836,1.373759734971656,0.6701000401251523,0.4211258597606369,-0.3829089452913561,-0.1207126667026005,1.3658177525620485,-0.2253413776671589,ssh,Normal
-1.3699610853920845,1.1640724146734887,-3.7166557381055054,1.4051119125313338,-2.060698514663914,1.4945058837268115,-0.1826720518813154,-2.439278655434351,0.5790077001492636,-0.17574807943650161,http,DDoS
0.4718133788347191,1.1384617491341258,1.1943613514932716,-0.6116862153450472,-0.5199332344925404,2.3594108251424597,0.05312626475479165,-0.3675828533878628,-0.4920700709486458,-1.8901631537665096,dns,BruteForce
1.8692589367518035,0.43994642307767373,3.8695929692178583,-4.559609310552458,1.488235316869476,2.193666573100417,2.966813557161027,-0.9465099952264739,-1.468336561534095,-1.153556823913846,ssh,PortScan
-0.27939510714547144,0.8272469851239499,-4.0290709063455035,-0.43096146287141723,-0.20240198863134418,0.7646429119154177,-0.3454032736376551,-2.68047029421171,0.07695399022554521,2.3690831785213247,http,BruteForce
1.4713444383917915,-1.3886719619970607,-1.803416612950177,0.09707029576263992,-1.2537001298982204,1.627818846712962,1.496537191063906,-1.8610814450104747,0.46266613681988766,2.585558027800385,dns,Normal
-0.9131602920282773,0.06901852394399599,-2.070092390356744,1.7986765054425253,0.3336790599453971,0.446447394738817,-0.7734295979152017,-0.7108968160642541,0.020545378887715026,0.16125093023778014,ssh,Normal
-1.7766073124342467,-2.2641195395353897,4.076783831585522,-1.140416593403177,0.2835900115228329,-3.501652904800763,1.6945802574451494,0.0966067883970525,2.496817840356496,-3.2310237255303944,http,DDoS
0.9645769965628811,-0.5155430565411381,-0.7724337302964679,0.35744417641713055,-2.6490995432670594,-0.16300787462429667,1.3007113416577574,-1.1631903124440404,1.351502903456121,-0.5527433514240137,dns,BruteForce
3.2548783955292833,-1.9347421147256407,-1.992324837025848,2.717538906003658,0.3856600004692377,0.5114089500343564,0.5195578686572007,-0.0922204881614127,-1.6652846671324522,1.8262561004147702,ssh,Normal
1.8998518466342609,0.1782211814521112,0.885577899029532,-2.019250788134834,0.48849467245324274,1.2575090196494174,1.1563938973481873,-0.6992602220511903,2.3616114440046903,0.4223440256059109,http,BruteForce
0.43413480747543454,-4.545482098715141,3.7800140119451906,-1.338302945977199,0.493653565306088,1.7306591375950435,-1.1796914452016383,-1.6744942673859065,-1.8455796353241616,1.399458162613966,dns,Normal
-0.6117774834225889,2.5697840699707317,-1.5843203537546122,2.0664415255667405,0.814169483332352,-0.9768833078283663,-0.34875838584365326,1.4548695444082274,-0.715516819258321,-2.4977200636772885,ssh,DDoS
-0.854336554682879,-1.4669197640789413,-0.9542533314490358,-1.0736130860195936,-0.15826388140399053,-1.0365193322898167,0.1874419607234168,-3.9204895732955536,-0.02582118504835844,-0.8356310267752793,http,PortScan
0.057461896626369136,2.8470350974487,-6.35021251324353,-0.27147531125550617,0.15312256259107648,-0.41863631619794217,-2.044359250552959,-4.164281456136065,0.990708253703516,0.2594051034539009,dns,DDoS
-0.34922846446665123,-3.223306223833425,4.088165668191769,-0.9801989295013173,-1.0718568022324786,2.710204279262983,-2.077964796767755,-2.716869043005236,-0.1732792917738969,-2.0968230590352257,ssh,PortScan
-0.5346926981998945,0.000651635189111377,-1.847757614041767,-0.3565699959253833,-1.103637871249398,1.0655994072879427,-0.43408635446492805,-2.613317502686261,0.13563200877595336,0.4550083013842241,http,BruteForce
1.3079510471667446,2.232946757907895,-1.508727460006513,-2.0007751662563944,-0.23093244987533007,0.8510308735417351,1.383082151858729,0.8555119445503347,0.6848427373315756,3.0171160569592828,dns,BruteForce
0.02986102481465125,-1.520769351274539,2.3224801518629,-0.3209140526894043,0.4331159638731109,-0.5388427932327704,1.2522755076121292,-0.1470139639943011,0.3884664150482911,-1.5874571219553446,ssh,PortScan
-0.322086210002442,-1.3327248197853234,5.974719365975724,-0.7982552544221035,-1.3881847101742066,1.67075810480411,-1.6397640002790457,3.279010658234763,0.6364095464207143,-0.405953362968527,http,Normal
-0.48745933814530185,1.2051419574507884,-2.6765189760798718,-0.48137738815895725,-1.1677266876102608,-1.9587443399460245,3.398521658676121,0.7522933133090444,1.178228092882562,2.498731920593365,dns,BruteForce
0.9535523003819025,-1.3040660263438961,-0.12427273357175567,-0.6058388122371046,0.11788450610335514,-0.563388184626981,2.4912040649670084,-2.08746284345961,-0.17135099280361862,-0.7610627946877004,ssh,BruteForce
1.7117646448572947,-1.8397441662241236,-0.8823164238612335,0.4724525815691546,-0.21675501648617185,1.2859799853031457,0.36157630290793197,-1.1203509603419524,0.22971101680229664,2.274704305418929,http,Normal
1.6094738461663198,-0.41335679151198645,-0.8656034845223107,1.5678060827339486,-0.9784562533992069,0.8106783213153547,0.07999343961294259,-1.1928255402776142,-1.4511063871700083,-1.5918490744758196,dns,BruteForce
1.2817700067782398,-2.243558285527833,1.764927116700333,0.6797325262899906,0.742152804376457,-0.053615765906887214,-0.2109883792797147,-0.2708540152031247,0.9988166447781508,-0.903419330771996,ssh,Normal
0.7628770610824193,-1.806809004871964,1.6546192833699447,0.46661968471334614,1.0832732434662167,0.3814291696507237,-0.22562065335692894,-0.6753420195345022,-0.5664067429624856,-1.3136402643411598,http,PortScan
-2.215436738373915,0.056341794021300906,1.0987264123660379,0.7539694354816946,1.8873358988944153,1.911480359901228,-0.9576527449929724,0.6731709751640302,0.119502521264682,-0.3192582605176104,dns,Normal
0.2504900054164517,0.0035486066880759948,-1.3315866263508491,-1.2525545095871413,-0.6739243467295954,-0.15778520475582347,3.479142891566328,-2.1450144093237284,-1.5252775345160665,0.16442628330219078,ssh,BruteForce
0.36396929652329646,-1.8734249541588144,4.6172566121852,-2.388668293639383,-0.2346593375465627,1.1449489841711606,0.16285763974739376,-1.3210306306045116,0.14378800992552931,-2.355391400191456,http,PortScan
-0.634964979409111,0.4980032211140384,-2.5279336139398825,0.7767659197045098,0.797602849999754,-0.6250769310498328,-0.8642573760691367,-1.621721957793903,-0.9869253241686525,-0.2710450358675892,dns,DDoS
-1.3030722819737828,0.2542297760700192,-2.9684449464968417,2.5306735194006325,-0.30178138704975227,0.8676595985708433,0.4018714643879835,-1.17369280101361,-0.26571383761145845,-0.21908656661747428,ssh,DDoS
3.6417186876373884,2.3685391299615826,-1.2144664865639945,-4.45851064915154,0.367170160233434,2.4541995317104335,2.951239694302647,-2.613759439673839,-1.2345924457842394,1.2813190699486197,http,PortScan
0.9596778161998866,-5.824924917216072,8.135447262317047,-4.899853598424364,-0.17332115425054775,2.2018856291299844,-1.534157344678122,-1.478037703028197,0.60730736336004,1.8928501226917311,dns,Normal
-0.23767440731805123,1.1257975551698134,-2.1035728936630487,-0.944796121344762,0.2725158258209099,-0.2919889358355352,1.84127207279563,-0.5234478092524442,-1.8597795529709082,1.7379977856059563,ssh,BruteForce
1.2682560127101028,-0.8234598639233385,0.8119780382197774,0.2741274390115833,-0.11926247359024779,0.6149945648834616,1.185030464560604,-0.07568033949552577,0.27359381633944985,-0.5099838468712722,http,PortScan
-0.4428623862817769,0.7815431552497017,-3.6400650379436517,-1.655108051642601,-2.274886763822362,0.586225045041489,1.627856739738756,-3.0853008249297007,-1.1935422744350308,2.5787476181440994,dns,BruteForce
1.3715328052295097,2.449852921990092,-3.6624645993374756,-1.3835644829069034,-0.8590275388687091,0.30446236042036934,2.617411882379411,-0.44680615496292764,0.8135480399705504,2.8900135207576625,ssh,BruteForce
-0.2748126872005736,-0.6551130351668322,1.9587540300647763,-3.031774498135263,0.07892781907222075,0.8481581985889136,2.3517348199442063,-2.3843206659101757,-0.30363853698785775,-1.041210794679136,http,PortScan
-1.530897419353379,0.7076178609277803,-0.5801415184137049,-2.8545888799335204,1.1246958567968959,-0.504448019863809,2.916195357544969,-0.5342055824756111,0.7303270059233291,2.4787777716956154,dns,BruteForce
1.2372690831651174,-2.100623483668909,0.20356538463976315,1.1312588035961113,-0.7223627394889995,1.0910477955245146,-1.651596263567746,-2.056702330859241,-0.6648695426239807,-0.926896085467072,ssh,PortScan
